seed,exact_accuracy,char_accuracy,total_samples
111,33.5,88.00623052959502,1000
222,27.800000000000004,87.62042888221279,1000
333,32.2,87.86939450299649,1000
